{
  "overall_score": 26.02484886578833,
  "coverage_metrics": {
    "sentence_coverage": 0.0682255515122486,
    "entity_coverage": 0.3697478991596639,
    "word_coverage": 0.11016949152542373,
    "num_qa_pairs": 13,
    "doc_length": 2445,
    "qa_density": 0.09848484848484848,
    "key_sentences_extracted": 7
  },
  "quality_metrics": {
    "avg_question_length": 13.076923076923077,
    "avg_answer_length": 89.84615384615384,
    "proper_question_format": 1.0,
    "has_question_mark": 1.0
  },
  "question_type_analysis": {
    "what": 53.84615384615385,
    "where": 0.0,
    "when": 0.0,
    "who": 46.15384615384615,
    "why": 0.0,
    "how": 0.0,
    "which": 0.0,
    "other": 0.0
  },
  "summary": {
    "total_qa_pairs": 13,
    "document_length_words": 2445,
    "qa_pairs_per_sentence": 0.09848484848484848,
    "key_sentences_used": 7
  }
}