{
  "overall_score": 22.336158974278224,
  "coverage_metrics": {
    "sentence_coverage": 0.1291227917468677,
    "entity_coverage": 0.18257756563245822,
    "word_coverage": 0.08469601677148847,
    "num_qa_pairs": 13,
    "doc_length": 11960,
    "qa_density": 0.028953229398663696,
    "key_sentences_extracted": 8
  },
  "quality_metrics": {
    "avg_question_length": 13.153846153846153,
    "avg_answer_length": 62.0,
    "proper_question_format": 1.0,
    "has_question_mark": 1.0
  },
  "question_type_analysis": {
    "what": 61.53846153846154,
    "where": 0.0,
    "when": 0.0,
    "who": 23.076923076923077,
    "why": 0.0,
    "how": 7.6923076923076925,
    "which": 7.6923076923076925,
    "other": 0.0
  },
  "summary": {
    "total_qa_pairs": 13,
    "document_length_words": 11960,
    "qa_pairs_per_sentence": 0.028953229398663696,
    "key_sentences_used": 8
  }
}